<?xml version="1.0" encoding="utf-8"?>
<!DOCTYPE hibernate-configuration PUBLIC
    "-//Hibernate/Hibernate Configuration DTD 3.0//EN"
    "http://www.hibernate.org/dtd/hibernate-configuration-3.0.dtd">
<hibernate-configuration>
  <session-factory>
    <!-- JDBC Database connection settings -->
    <property name="connection.url">jdbc:h2:mem:metamapping</property>
    <property name="connection.driver_class">org.h2.Driver</property>
    <!-- JDBC connection pool settings ... using built-in test pool -->
    <property name="connection.pool_size">1</property>
    <!-- Select our SQL dialect -->
    <property name="dialect">org.hibernate.dialect.H2Dialect</property>
    <!-- Echo the SQL to stdout -->
    <property name="show_sql">false</property>
    <!-- Drop and re-create the database schema on startup -->
    <property name="hbm2ddl.auto">create-drop</property>
    <mapping resource="com/iluwatar/metamapping/model/User.hbm.xml" />
  </session-factory>
</hibernate-configuration>